"pair","Luna–Luna","Luna–DeepSeek","Luna–Qwen","DeepSeek–Luna","DeepSeek–DeepSeek","DeepSeek–Qwen","Qwen–Luna","Qwen–DeepSeek","Qwen–Qwen"
"Luna–Luna","100","81","79.4","74.6","86.5","73.8","84.6","76.5","80"
"Luna–DeepSeek","81","100","71.4","70.3","82.5","75","80","81.8","78.2"
"Luna–Qwen","79.4","71.4","100","72.4","80","82.1","78.3","72.2","76.1"
"DeepSeek–Luna","74.6","70.3","72.4","100","81.2","80","82.2","71.1","77.3"
"DeepSeek–DeepSeek","86.5","82.5","80","81.2","100","83.6","85","82.9","82.9"
"DeepSeek–Qwen","73.8","75","82.1","80","83.6","100","78.9","75.7","76.7"
"Qwen–Luna","84.6","80","78.3","82.2","85","78.9","100","85.1","88.4"
"Qwen–DeepSeek","76.5","81.8","72.2","71.1","82.9","75.7","85.1","100","87.6"
"Qwen–Qwen","80","78.2","76.1","77.3","82.9","76.7","88.4","87.6","100"
