"pair","DeepSeek–DeepSeek","DeepSeek–Luna","DeepSeek–Qwen","Luna–DeepSeek","Luna–Luna","Luna–Qwen","Qwen–DeepSeek","Qwen–Luna","Qwen–Qwen"
"DeepSeek–DeepSeek","100","81.2","83.6","82.5","86.5","80","82.9","85","82.9"
"DeepSeek–Luna","81.2","100","80","70.3","74.6","72.4","71.1","82.2","77.3"
"DeepSeek–Qwen","83.6","80","100","75","73.8","82.1","75.7","78.9","76.7"
"Luna–DeepSeek","82.5","70.3","75","100","81","71.4","81.8","80","78.2"
"Luna–Luna","86.5","74.6","73.8","81","100","79.4","76.5","84.6","80"
"Luna–Qwen","80","72.4","82.1","71.4","79.4","100","72.2","78.3","76.1"
"Qwen–DeepSeek","82.9","71.1","75.7","81.8","76.5","72.2","100","85.1","87.6"
"Qwen–Luna","85","82.2","78.9","80","84.6","78.3","85.1","100","88.4"
"Qwen–Qwen","82.9","77.3","76.7","78.2","80","76.1","87.6","88.4","100"
