"","doc","text","cmp_code","moral","document_id"
"1","51210_201505","Seek the ability to retain the benefits of Executive and Assembly policies within the Executive budget for investment in public services rather than the Westminster budget.",301,0,48522
"2","64620_201111","Advocate for international acceptance of more flexible land-use rules where this can achieve greater economic returns with no detrimental environmental outcomes.",703,1,33425
"3","64620_201111","Improving health and wellbeing is essential to ensuring Maori can fully participate in modern society.",705,0,31939
"4","53320_200705","We will give the ESB a new mandate to develop renewable energy in Ireland with special emphasis on marine technology.",416,0,25832
"5","62623_201510","But we want to help even more.",506,0,9265
"6","51421_201505","We will work to make sure the British tourism industry is able to compete with other major world destinations and be a key generator of growth in the UK economy.",403,0,46465
"7","63110_200410","Australia’s system of democracy needs an overhaul to bring it into the twenty-first century.",204,0,8314
"8","64951_198407","training in basic skills,",506,0,41296
"9","64620_201111","The key for the future of tourism is to ensure we get high-quality visitors and increase the value we get from them – get them to spend more.",410,1,30476
"10","64901_201111","Māori representation on NZ Trade and Enterprise.",607,0,29184
"11","64420_200207","ACT wants and expects that to continue.",502,0,39494
"12","51902_201505","New skills provide a route into rewarding, fulfilling employment.",411,0,44263
"13","64901_201111","Refocus Māori Provider development to focus on outcomes in areas where services need to grow.",504,0,29271
"14","53420_200705","are kept in a drug free, secure environment and are prepared, where appropriate, for re-integration into society.",506,1,23878
"15","53620_200705","Promote greater sharing of school and community sports facilities and make it a condition of the Sports Capital Programme that facilities be made available to schools where appropriate.",502,1,19998
"16","53320_201102","A tax-back scheme to help people not eligible for other means-tested supports to claim up to two years of their income tax back to fund full-time study in an authorised institution.",411,0,15826
"17","64620_201111","and introduce a power-to-weight restriction for novice drivers.",411,0,31139
"18","61320_199211","It is wrong to borrow to spend on ourselves, leaving our children to pay our debts.",414,1,62174
"19","62420_201510","Canada's story is the story of immigration.",607,0,11019
"20","63810_201309","This neglect is reﬂected in Labor’s approach to securing our borders against illicit drugs, illegal ﬁshing crews and people smuggling.",601,1,14
"21","64620_201111"," Cancellation of the 90-day trial period.",401,0,34084
"22","53620_201102","Encouraging internationalisation of our services enterprises.",407,0,13600
"23","53620_200705","If we are to compete effectively and in a sustainable way, we will have to do so through even greater competitiveness in knowledgedriven industries.",408,0,19153
"24","51620_201505","and there are 760,000 more businesses than in 2010 providing jobs and creating wealth across the country.",410,0,44566
"25","63810_201309","Further, we will fund reliable communication and transport infrastructure that enables reasonable access to support services, hospitals and schools to foster and maintain the wellbeing and ongoing support of families.",504,1,312
"26","51620_201505","All this reflects a core Conservative belief: power to the people.",301,0,45804
"27","64320_201111","Within four years the amount that will be spent on superannuation is twenty times the amount that we spend on the unemployment benefit.”",505,0,35374
"28","64420_200811","Lower interest rates.",408,0,36358
"29","51902_199705","The policy of an SNP government will be to secure a sustainable and long term oil industry:",416,1,52981
"30","64621_200207","• ensure the needs of retired New Zealanders are met through a sustainable superannuation scheme.",504,0,38927
"31","51902_199705","not subjects of an outmoded and decaying eighteenth century state.",602,0,52621
"32","61320_201211","and provide states, U.S. territories, and communities with two years of funding to build needed roads, bridges, and transit systems.",411,1,57898
"33","64620_201111","•  Over  130,000 homes  so far  are warmer,  drier, and healthier  thanks to  our  Warm Up  New Zealand: Heat Smart  scheme.",411,0,33472
"34","64421_200207","Public hospital waiting lists, for what is deemed by our health services as “non-urgent” surgery such as hip replacements, continue to rise.",504,0,39298
"35","64620_201111","− Victoria Park Tunnel",411,0,30271
"36","62420_201510","and help more people in need through a program that is safe, secure, and humane.",705,1,11063
"37","53951_200705","in areas of high unemployment",408,0,17565
"38","53420_200705","including clean urban public transport modes,",416,1,23142
"39","64901_201111","We will review priorities based on an evaluation of progress achieved under Ka Hikitia.",506,0,29200
"40","64901_200811","We commit to addressing institutional racism.",503,0,35806
"41","64620_201111","Continue to cap back-office administration, and focus resources on frontline services.",303,0,32793
"42","53320_200705","representing the cause of community and amenity development in the planning and zoning system.",502,1,27044
"43","51902_201505","and will ask the next UK government to report on options including new borrowing powers for the bank.",416,0,43919
"44","53520_201102","De-politicise Committee Work: Chairs of committees will be assigned on a more proportional basis, while legislation will typically be introduced in a heads of Bill format to increase the chance of cross-party support",204,0,15081
"45","53420_200705","and services reformed.",403,0,23471
"46","64420_200207","in order to eliminate burdensome elements that fail a rigorous regulatory assessment.",401,0,40411
"47","61620_200411","Exports accounted for about 25 percent of the economic growth in the 1990s and supported about 12 million jobs.",401,0,60497
"48","53520_201102","By having a dedicated body to coordinate policy across Government we can target initiatives in cross cutting areas such as education, health care, and housing which will aim to prevent as much as possible problems like homelessness, child poverty and other avoidable problems caused by lack of joined up action.",705,0,15044
"49","64620_201111","−  Targeting young offenders with education, training, employment, parenting and living skills.",506,1,31437
"50","64620_201111","See our Trade policy for more details.",107,0,32972
"51","51110_201505","Increase alcohol and tobacco duties by a successive £1.4 billion every year in the Parliament.",416,1,50193
"52","51340_201505","Through this mechanism Scotland has succeeded in winning the argument to allow them to borrow money and issue their own bonds.",301,0,48050
"53","64620_201111","Provided extra WellChild/Plunket Tamariki Ora maternity visits for mums – targeting firsttime mothers.",504,1,32433
"54","64951_198407","M.P. 's will also be required to disclose their financial affairs.",304,0,41504
"55","51951_201505","This myth grew out of a report by the National Institute of Economic and Social Research (NIESR) in 2000, which concluded that 2.7 million jobs were directly related to our trade with the EU and another 500,000 were indirectly linked.",110,0,42783
"56","64110_200811","We know that we must urgently prepare for rising oil prices.",416,0,36874
"57","64110_201111","and use the funds to clean up our rivers,",501,1,35539
"58","51901_201505","We will also seek European agreement for fuel price reductions in rural areas, recognizing the additional costs of living in rural parts of Wales, as already introduced in the Highlands and Islands of Scotland.",412,0,52231
"59","62623_201510","Enacted and expanded Tax-Free Savings Accounts.",402,0,9220
"60","51421_201505","Introduce a National Food Strategy to promote the production and consumption of healthy, sustainable and affordable food.",703,0,47117
"61","62320_201510","to provide stable, ongoing funding to put 2,500 new officers on the streets and keep them there.",605,0,11786
"62","61320_201211","Democrats led the fight to enact the STOCK Act to ban congressional insider trading.",304,1,57605
"63","64621_200207","By this means we will rebuild the social contract necessary between officers and their personnel and we will put the responsibility for remuneration of our Defence Force personnel with the Executive who are accountable to the electorate, on whose behalf the armed forces serve.",104,1,37949
"64","63320_201008","We will cut business taxes across the board, especially for small businesses who will benefit from a head start on the company tax cut",402,0,4679
"65","64320_201111","What that tells me is that Maori will be right at the bottom. (Newspaper heading: ‘Crime hurts young, ethnic, poor’).",705,1,35359
"66","62623_201510","As a result of our investments in infrastructure, we have brought the average age of Canada's core public infrastructure down from a peak of 17 years in 2001 to an estimated 14.7 years in 2013.",411,0,9879
"67","61620_200411","America's economy is undergoing a fundamental transition from one based primarily on manufacturing to one based on innovation, services, and ideas.",402,0,60753
"68","51902_201505","This will deliver a total boost to the NHS Scotland budget of £2 billion by 202021.",504,0,43655
"69","51340_201505","The EU public procurement directives adopted in January 2014 allow for social clauses to be inserted into public contracts to help address social inequalities while maintaining a value for money approach.",403,1,48142
"70","53420_200705","close to people, and supporting independent living.",401,0,24044
"71","63110_200711","· Support disadvantaged individuals and communities through improved public health, housing, education and transport",504,1,7179
"72","64620_201111","The Youth Mental Health Project is focused on improving provision of services for youth aged 13-19 with, or at risk of, mental health problems such as depression, anxiety, and substance abuse.",504,1,32573
"73","63810_201309","Older Australians need incentives to retain private health insurance cover",706,0,960
"74","51320_201505","The generation and supply businesses of the ‘Big Six’ energy companies will be separated.",403,0,54704
"75","64621_200207","Getting the greatest amount of health and disability support from our health spending is critical.",504,0,38559
"76","51902_199705","Establish International Economic Credibility",410,0,52677
"77","51620_201505","We will keep the triple lock pension system.",504,0,45775
"78","64621_200207","• ensure that all future appointments to the NZB board are made on the basis of experience, expertise, and appropriate representation from industry and consumers, and not political patronage.",304,0,37825
"79","61620_200411","Junk lawsuits add at least $60 billion to health care costs in America because doctors are forced to practice defensive medicine, ordering extensive, unnecessary, and expensive tests and procedures to keep trial lawyers at bay.",411,1,60721
"80","53520_200705","We will have a Commission on Taxation to examine tax schemes on an on-going basis.",303,0,21213
"81","53110_200705","provide a once-off grant to one-parent families when a child enters secondary school;",504,1,28211
"82","53520_200705","We will ensure that over time, the database will be developed into a health statistics database to be used as a research resource and management information tool.",504,0,22073
"83","64621_200207","and will develop and fund programmes which will provide all families with support and guidance in this role.",506,1,38220
"84","63620_200410","I claim very directly that interest rates under a Labor Government would always be higher than under a Coalition Government, and that claim is based on two things.",305,0,7490
"85","62420_201510","and  prioritize community outreach and counter-radicalization, by creating the Office of the Community Outreach and Counter-radicalization Co-ordinator.",606,1,10938
"86","64420_200207","These are responsibilities that successive governments have failed to provide.",305,0,39394
"87","51620_201505","We have set out the bold aim of achieving full employment, with the highest employment rate of any major economy.",404,0,44775
"88","51210_201505","The potential of our island economy is strong.",410,0,48591
"89","63810_200410","It’s a vision that we still hold to now:",305,0,7316
"90","51902_201505","It is why we supported the limited extension of devolution in the Scotland Act 2012, and called for a far more substantial package of powers at that point.",301,0,44460
"91","51620_201505","Achieving this means seeing through our major reforms of tax and welfare.",404,0,44905
"92","61620_200411","After lapsing for eight years, the law now allows President Bush to work with other countries to reduce barriers to our products and services.",401,0,60509
"93","62110_201510","The treaty, known as a Foreign Investment Promotion and Protection Agreement or FIPA, is lop-sided, benefiting the Peoples' Republic of China, while providing no advantage to Canada.",406,0,12517
"94","64422_200811","No matter how you choose, I am grateful to live in a beautiful country I am deeply proud of.",601,0,36294
"95","51320_201505","Sure Start will have an obligation to provide families with access to childcare, opening their facilities to charities and local childcare providers.",504,1,54888
"96","51901_201505","We will involve disabled people and groups that represent the interests of disabled people in designing and developing such a system.",706,0,52023
"97","62623_201510","Reducing the expected parental contributions from the Canada Student Loans Program assessment to better recognize the financial realities faced by Canadian families – increasing support to approximately 92,000 students.",506,1,9270
"98","51421_199705","- Give children the best start by providing high quality early years education for every 3 and 4 year-old child whose parents want it.",706,0,53151
"99","63620_200410","We must maintain and strengthen the productivity gains of recent years.",410,0,7513
"100","62420_201510","We will make the compassionate care benefit easier to access, more flexible, and more inclusive.",504,1,10458
"101","53620_200705","make PE mandatory at second level,",506,0,19996
"102","64901_200811","Young people should not be charged for these courses. ",506,0,35931
"103","61620_200811","We oppose reinstituting the draft, whether directly or through compulsory national service.",104,0,58544
"104","51421_201505","working to deliver access for all, regardless of income, ethnicity, gender, age, belief, sexuality or disability.",503,0,46486
"105","63810_201008","The non-scheduled air and space transport sector comprises more than 1000 businesses, employing nearly 4000 people, and producing an industry turnover of nearly $1 billion.",411,0,3960
"106","53320_200705","Provide vouchers for music lessons at primary level to ensure where practicable, 30 hours of free tuition by qualified teachers is available to all students during one designated year.",503,0,27024
"107","63320_201008","This will drive localised educational responses and better learning outcomes for students",506,0,4631
"108","53110_200705","ensure that the right to flexible working practices is enshrined in law;",701,1,28248
"109","63110_201309","Caring for the health of the community requires more investment in preventative health, with a focus on tobacco, alcohol and obesity issues",504,1,3104
"110","63710_201309","establish a rural development bank to facilitate generational equity transfer;",703,1,8525
"111","64420_200207","One is Maori underachievement.",706,0,40715
"112","64620_201111","− 1.9 million matches with ACC.",505,0,29943
"113","53520_201102","If implemented these policies can make a real difference to Ireland’s energy cost competitiveness, energy security, and carbon footprint.",411,1,14606
"114","62320_201510","The world has been waiting nearly a decade for Canada to step up in these ways, and the NDP will do so.",107,0,11918
"115","61320_200411","Rather than looking at American industries only as polluters, we will work with the private sector to create partnerships that make a profit and a cleaner world for us all.",501,1,62065
"116","63110_201008","major airports located to minimise social and environmental impacts.",501,0,6453
"117","63320_201309","The Cancer Care Coordinators will provide support and education patients who have been diagnosed with cancer, their families, carers and staff",504,1,2334
"118","64320_200509","We believe every child deserves the best",601,0,37374
"119","64620_201111","and that capital markets can broaden and deepen their base and appeal, and be free to innovate.",401,0,34454
"120","51901_201505","Increasing reliance upon technology leaves countries open to attack by foreign powers without the need for conventional weapons.",104,1,52126
"121","53320_200705","The availability at competitive prices of high quality energy and communications services is vital for competitiveness,",411,0,25386
"122","53420_200705","Initial funding for the scheme will come from the allocation of seed and venture capital funding announced in the Budget (€175 million over a period of ten years), with further extra funding allocated as required.",416,0,23623
"123","63810_200410","My particular vision for a fourth term in government, and the task I give my party as a partner in Coalition with the Liberal Party, is to ensure that our regional cities and country towns and communities obtain the services and infrastructure they need to build on their renewed foundations and realise the promise of their future.",411,1,7361
"124","61320_200411","But we should never wait to act until we have no other choice but war.",104,1,61388
"125","51421_201505","Commission the Natural Capital Committee to investigate the potential for other resource taxes, including deposit refund schemes.",416,0,47106
"126","53620_200705","Fianna Fáil conducted the biggest ever reform of Civil Defence and the Army Reserve.",104,0,18924
"127","53320_200705","Ensure that the Marine Institute has the necessary resources to be at the cutting edge of international marine research,",411,0,25343
"128","63620_200711","We can reach that great goal of full employment.",408,0,6730
"129","61620_200411","Every element of America's homeland security plan is critical, because the terrorists are ruthless and resourceful - and we know they are preparing to attack us again.",605,1,59543
"130","53620_201102","o  each minister should prepare and publish a statement of the skills and roles sought for each board.",303,0,13914
"131","63810_200711","We have had an unprecedented 16 years of continuous economic expansion.",410,0,6565
"132","64620_200811","We want young New Zealanders to be able to join KiwiSaver and stay in it for their working lives.",706,0,36185
"133","64901_200811","• It has been four years since the Maori Commercial Settlement Act was passed, and most iwi are yet to receive any form of settlement from the Crown. ",705,0,35674
"134","61620_201211","Those policies have placed the federal government in the driver’s seat,",301,0,55494
"135","51340_201505","This has resulted in increased pressure in the health system and failed outcomes for healthcare staff, patients and the public.",504,0,48146
"136","64620_201111","•  More than two in every three New  Zealanders  does unpaid work outside their  own households.",606,0,34420
"137","63320_201008","ACARA will work with States and Territories to ensure the Cadetships contribute towards state based senior awards, in the same way as other approved subjects under the National Curriculum",411,0,4781
"138","61320_201211","That’s why President Obama and Democrats in Congress have enacted infrastructure investments that will",411,0,57434
"139","64620_201111","Increased funding for early childhood education by $550 million, or 40 per cent, since 2008.",506,0,34241
"140","63810_201008","Labor’s Infrastructure Australia is a secretive organisation.",304,0,3903
"141","64951_198407","South Island domestic and industrial users will have their price discounted.",412,0,41339
"142","63810_201008","Labor has done little to educate the public on the benefits of cleaner fuels.",501,1,3997
"143","53420_200705","In 1997, a single person on the average industrial wage paid 22% of their income in income tax.",402,0,23015
"144","64110_201111","Together we're the co-leaders of the Green party",0,0,35493
"145","51421_201505","without allowing emissions from aviation to undermine our goal of a zero-carbon Britain by 2050.",416,0,46399
"146","53320_200705","The development of an ‘alternative growth pole’ along the Atlantic Corridor will be pursued.",301,0,26984
"147","51320_201505","This will be underpinned by new rights for patients.",504,1,54796
"148","63810_201008","Current investment in developing and protecting the Australian farm sector does not recognise the large contribution farmers make to our economy.",703,1,4151
"149","62623_201510","We recognize that adoption costs can be high and in some cases prohibitive for families.",706,1,9333
"150","51901_201505","We will increase access to the arts for young people, particularly those of disadvantaged backgrounds,",503,0,52502
"151","64620_201111","Direct this new spending to health, education, and a few carefully targeted initiatives.",504,0,33121
"152","51110_201505","The Green Party is committed to bringing rail services into public ownership and control.",413,1,50545
"153","63710_201309","provide direct and meaningful support to land managers in delivering ecoservices; | and",501,0,8490
"154","53420_200705","and providing other services as required, thus contributing to Ireland’s political and economic well being.",104,0,24577
"155","64420_200207","• Conflicting roles and responsibilities.",303,0,40367
"156","51902_200106","An SNP government will strive to ensure that Scotland becomes a world leader in securing a sustainable environment",416,1,51190
"157","51902_200106","With the investment that we are promising in hospital buildings,",504,0,51280
"158","63621_201008","The question that should still be asked of Labor is:",0,0,4358
"159","51620_201505","And with new laws to crack down on domestic violence,",605,1,45645
"160","53520_200705","Fine Gael will support the on-going nationwide roll out of the “Food Dudes” Fruit and Vegetable Promotion programme to all primary schools in Ireland.",506,0,20972
"161","53620_201102","Every board shall publish before March of each year an annual report on  its own activities as opposed to the wider work of the state body.",303,0,13929
"162","51421_201505","In particular, as we expand access to talking therapies we expect many more people to recover and be able to seek work again.",503,0,46601
"163","64901_201111","and free up  resources  for whānau development.",603,0,29051
"164","53520_200705","We will give 1 weeks paid Parental leave for either parent to take, giving them more choice.",603,0,22925
"165","62110_201510","Policy alignment will ensure the wise use of public dollars.",301,0,12151
"166","51621_201505","At £1.4 Trillion, that equates to £54,353 per household;",414,0,54004
"167","53110_200705","maintain the Defence Forces’ proud reputation in peacekeeping",106,1,28323
"168","63810_201309","The Nationals are determined to eliminate the divide between those living in and those living outside major capital cities, including any limitation on access to a fair legal system that respects the rights and responsibilities of all Australians.",503,1,1105
"169","53620_200705","These moves will eliminate remaining inequality in the income tax system and enhance its progressive nature.",402,1,19219
"170","51951_201505","It is now enshrined in law that we must pay 0.7 per cent of our Gross National Income (GNI) on aid every year.",109,0,43310
"171","51110_201505","Caroline Lucas and housing In July 2014 Caroline Lucas MP introduced a Housing (Affordability, Supply and Tenant Protection) Bill to highlight the problems faced by private tenants.",504,0,49871
"172","63320_201008","Support for 2,500 additional aged care beds;",504,1,4502
"173","53320_200705","Develop new community policing structures, through local policing forums in individual communities, to reconnect the Gardaí and local communities in a spirit of genuine partnership.",301,1,25992
"174","51620_201505","We will: save you money by cutting government waste",303,0,45359
"175","53320_201102","Ireland should be the best place in the world to grow up, and to grow old.",706,0,16553
"176","53520_201102","Ministerial Cars: We will end the automatic entitlement to a State car for every Government Minister.",303,0,15394
"177","64110_200811","If you can’t trust Labour and National to go public about poisoned baby milk then what on earth can you trust them on.",305,0,36802
"178","53320_200705","All TDs will be entitled to put forward proposals for legislation and a lottery at the start of each session will determine which Bills will be debated.",202,0,26767
"179","53320_200705","We will put in train preparations for the 100th anniversary of the Easter Rising, in a manner that honours the contribution of the men and women of Easter Week,",601,1,27178
"180","51902_201505","We will support sensible immigration policies that meet our economic needs",403,0,43698
"181","51421_201505","Establishing the right accountability framework for schools.",506,1,46780
"182","61620_200411","Republicans share President Bush's understanding that just as events in Europe determined the outcome of the Cold War, events in the broader Middle East will set the course for the victory of free nations in the War on Terror.",101,0,60201
"183","64621_200207","• there is appropriate time for debate to be conducted.",202,0,37769
"184","64621_200207","All recreational fishers should help police the system to ensure that there is no room for poachers and quasi ‘recreational’ fishers who sell or raffle their catches.",501,0,38483
"185","64620_201111","•  Created  2000 jobs  during the recession  through state housing upgrades.",701,0,32210
"186","51903_201505","Constitutional stability for Northern Ireland;",204,0,43570
"187","53520_201102","It will dismantle the dysfunctional Health Service Executive (HSE) that was created by Micheál Martin in 2004,",305,0,14781
"188","53420_200705","conflicts with long-term strategies to cut waste volumes by recycling and reduction, requires huge scale to operate efficiently and generates large volumes of traffic.",501,0,23654
"189","62110_201510","and transition to a prosperous, decarbonized economy.",416,0,12615
"190","51620_201505","This will support our aim to make Britain the best place in Europe, and one of the top five worldwide, to do business by 2020.",402,0,44832
"191","63810_201008","The Nationals believe that, when wealth is generated in a region, a fair share of the resulting government revenue should be returned to that region and to regional Australia more generally.",301,1,3331
"192","53320_200705","Half a million of us regularly play sport, while 400,000 volunteer as coaches, match officials and referees.",606,0,27002
"193","64901_200811","We recognise the contribution that Mäori enterprise and entrepreneurship has made to our nation's economy.",705,0,35733
"194","51621_201505","We will: Work to secure the full implementation of the Military Covenant in Northern Ireland.",104,1,54293
"195","53110_200705","abolish the current 2% limit for funding political parties, which acts against new and smaller parties and could be seen as supporting the status quo;",304,0,28284
"196","63320_200711","After so long in office, Mr Howard has forgotten what fairness actually means.",305,1,6794
"197","64621_200207","• develop Parents as First Teacher (PAFT) programmes across the country.",506,0,38403
"198","63620_201309","We will crackdown on overseas producers who don’t cooperate with anti-dumping investigations",406,0,1793
"199","53320_201102","Labour will ensure that the Defence  Forces are appropriately equipped and staffed to meet Ireland’s  obligations to United Nations and EU peacekeeping missions.",104,1,16812
"200","53320_201102","Processing of applications and decision-making is subject to long delays, while the absence of legislation means there is frequent resort to the Courts for judicial review.",705,0,16325
