"",doc,text,cmp_code,moral,document_id,label,explanation
1,51210_201505,Seek the ability to retain the benefits of Executive and Assembly policies within the Executive budget for investment in public services rather than the Westminster budget.,301,0,48522,0,"A neutral description of budgetary and administrative policy concerning the retention and allocation of public funds, lacking any moral-evaluative language."
2,64620_201111,Advocate for international acceptance of more flexible land-use rules where this can achieve greater economic returns with no detrimental environmental outcomes.,703,1,33425,0,"This text presents an environmental and economic policy proposal using neutral, instrumental terms without moral rhetoric."
3,64620_201111,Improving health and wellbeing is essential to ensuring Maori can fully participate in modern society.,705,0,31939,0,"An instrumental argument about social integration, arguing that health and wellbeing are necessary to enable societal participation, but utilizing no explicit moral vocabulary."
4,53320_200705,We will give the ESB a new mandate to develop renewable energy in Ireland with special emphasis on marine technology.,416,0,25832,0,"A straightforward policy proposal to mandate renewable energy development, containing no ethical or moral language."
5,62623_201510,But we want to help even more.,506,0,9265,0,"A brief, generic political campaign aspiration that lacks any explicit moral or evaluative vocabulary."
6,51421_201505,We will work to make sure the British tourism industry is able to compete with other major world destinations and be a key generator of growth in the UK economy.,403,0,46465,0,"An economic and commercial policy argument focusing purely on tourism competitiveness and GDP growth, which the negative clarification excludes."
7,63110_200410,Australia’s system of democracy needs an overhaul to bring it into the twenty-first century.,204,0,8314,0,"A general call for institutional modernization and structural overhaul of a democratic system, using pragmatic rather than moral language."
8,64951_198407,"training in basic skills,",506,0,41296,0,"A fragment describing a basic skills training program, representing a standard policy instrument."
9,64620_201111,The key for the future of tourism is to ensure we get high-quality visitors and increase the value we get from them – get them to spend more.,410,1,30476,0,"An economic and strategic argument regarding tourism value and spending, completely lacking moral or ethical framing."
10,64901_201111,Māori representation on NZ Trade and Enterprise.,607,0,29184,0,"A descriptive policy point regarding representative administration, containing no moral-evaluative concepts."
11,64420_200207,ACT wants and expects that to continue.,502,0,39494,0,A generic political statement of party aspiration that contains no moral vocabulary or ethical reasoning.
12,51902_201505,"New skills provide a route into rewarding, fulfilling employment.",411,0,44263,0,"An instrumental policy argument linking skill development with employment outcomes, without any explicit moral vocabulary."
13,64901_201111,Refocus Māori Provider development to focus on outcomes in areas where services need to grow.,504,0,29271,0,A neutral administrative instruction targeting the growth and performance outcomes of service providers.
14,53420_200705,"are kept in a drug free, secure environment and are prepared, where appropriate, for re-integration into society.",506,1,23878,0,"A descriptive, instrumental policy statement regarding security and rehabilitation programs for offenders."
15,53620_200705,Promote greater sharing of school and community sports facilities and make it a condition of the Sports Capital Programme that facilities be made available to schools where appropriate.,502,1,19998,0,"A policy description outlining administrative conditions for sharing sports facilities, lacking moral concepts."
16,53320_201102,A tax-back scheme to help people not eligible for other means-tested supports to claim up to two years of their income tax back to fund full-time study in an authorised institution.,411,0,15826,0,"A neutral, highly detailed description of a tax-back scheme to fund full-time study."
17,64620_201111,and introduce a power-to-weight restriction for novice drivers.,411,0,31139,0,"A standard regulatory safety proposal for novice drivers, devoid of any moral rhetoric."
18,61320_199211,"It is wrong to borrow to spend on ourselves, leaving our children to pay our debts.",414,1,62174,1,Uses explicit moral-evaluative language ('wrong') to frame government borrowing as an ethical failure and a breach of responsibility to future generations.
19,62420_201510,Canada's story is the story of immigration.,607,0,11019,0,"A broad narrative or historical statement about a country's immigration identity, which does not invoke moral values or ethical vocabulary."
20,63810_201309,"This neglect is reﬂected in Labor’s approach to securing our borders against illicit drugs, illegal ﬁshing crews and people smuggling.",601,1,14,0,"Partisan criticism of a rival party's border security policies. While critical ('neglect'), it focuses on policy implementation and border enforcement without explicit moral vocabulary."
21,64620_201111, Cancellation of the 90-day trial period.,401,0,34084,0,"A neutral, bulleted policy point declaring the cancellation of a labor trial period."
22,53620_201102,Encouraging internationalisation of our services enterprises.,407,0,13600,0,A brief economic policy goal focused on business internationalization.
23,53620_200705,"If we are to compete effectively and in a sustainable way, we will have to do so through even greater competitiveness in knowledgedriven industries.",408,0,19153,0,An economic and industrial argument centered entirely on competitive advantages in knowledge-driven markets.
24,51620_201505,"and there are 760,000 more businesses than in 2010 providing jobs and creating wealth across the country.",410,0,44566,0,"Factual and statistical claims about business growth and job creation, which are explicitly excluded by the negative clarification."
25,63810_201309,"Further, we will fund reliable communication and transport infrastructure that enables reasonable access to support services, hospitals and schools to foster and maintain the wellbeing and ongoing support of families.",504,1,312,0,"An instrumental policy proposal focused on infrastructure development to aid families; it lacks explicit moral vocabulary such as rights, justice, or dignity."
26,51620_201505,All this reflects a core Conservative belief: power to the people.,301,0,45804,0,"A partisan slogan or aspirational political vision ('power to the people') which, per the codebook's negative clarification, is coded 0 when lacking explicit moral vocabulary."
27,64320_201111,Within four years the amount that will be spent on superannuation is twenty times the amount that we spend on the unemployment benefit.”,505,0,35374,0,A neutral statistical comparison of projected spending on superannuation versus unemployment benefits.
28,64420_200811,Lower interest rates.,408,0,36358,0,"A short, neutral statement of an economic target with no moral content."
29,51902_199705,The policy of an SNP government will be to secure a sustainable and long term oil industry:,416,1,52981,0,A neutral statement of industrial policy aimed at sustaining the oil industry.
30,64621_200207,• ensure the needs of retired New Zealanders are met through a sustainable superannuation scheme.,504,0,38927,0,"A standard social policy objective outlining pension sustainability, framed in administrative terms without moral terminology."
31,51902_199705,not subjects of an outmoded and decaying eighteenth century state.,602,0,52621,0,"Although highly rhetorical and critical of the state ('outmoded and decaying'), this text relies on political and temporal critiques rather than explicit moral or ethical vocabulary."
32,61320_201211,"and provide states, U.S. territories, and communities with two years of funding to build needed roads, bridges, and transit systems.",411,1,57898,0,A neutral description of infrastructural funding and planning over a two-year period.
33,64620_201111,"•  Over  130,000 homes  so far  are warmer,  drier, and healthier  thanks to  our  Warm Up  New Zealand: Heat Smart  scheme.",411,0,33472,0,"A factual reporting of policy outcomes and achievements from a government insulation scheme, lacking moral-evaluative language."
34,64421_200207,"Public hospital waiting lists, for what is deemed by our health services as “non-urgent” surgery such as hip replacements, continue to rise.",504,0,39298,0,"A factual claim about health waiting lists; per the negative clarification, statistical claims on morally significant subjects are coded 0 unless they use moral language."
35,64620_201111,− Victoria Park Tunnel,411,0,30271,0,A bulleted project name serving as a placeholder with no prose or moral content.
36,62420_201510,"and help more people in need through a program that is safe, secure, and humane.",705,1,11063,1,Invokes the explicit moral concept of being 'humane' and highlights the ethical imperative of helping people in need.
37,53951_200705,in areas of high unemployment,408,0,17565,0,A brief fragment referencing economic and demographic conditions with no moral vocabulary.
38,53420_200705,"including clean urban public transport modes,",416,1,23142,0,A brief descriptive fragment concerning clean public transport options.
39,64901_201111,We will review priorities based on an evaluation of progress achieved under Ka Hikitia.,506,0,29200,0,A neutral statement concerning policy review and program evaluation.
40,64901_200811,We commit to addressing institutional racism.,503,0,35806,1,"By committing to address 'institutional racism', the text frames systemic discrimination as a moral wrong that must be corrected, appealing to ethical principles of equality and non-discrimination."
41,64620_201111,"Continue to cap back-office administration, and focus resources on frontline services.",303,0,32793,0,An administrative policy statement focused on budgetary efficiency and reducing back-office costs.
42,53320_200705,representing the cause of community and amenity development in the planning and zoning system.,502,1,27044,0,A neutral description of community representation in urban planning systems.
43,51902_201505,and will ask the next UK government to report on options including new borrowing powers for the bank.,416,0,43919,0,"A neutral, procedural request regarding banking borrowing powers."
44,53520_201102,"De-politicise Committee Work: Chairs of committees will be assigned on a more proportional basis, while legislation will typically be introduced in a heads of Bill format to increase the chance of cross-party support",204,0,15081,0,"A proposal for parliamentary reform and committee rules, utilizing administrative and procedural terms rather than moral-evaluative ones."
45,53420_200705,and services reformed.,403,0,23471,0,A fragment referring neutrally to public service reform.
46,64420_200207,in order to eliminate burdensome elements that fail a rigorous regulatory assessment.,401,0,40411,0,An argument for regulatory efficiency. The word 'burdensome' is explicitly identified in the negative clarification as a generic adjective lacking moral content.
47,61620_200411,Exports accounted for about 25 percent of the economic growth in the 1990s and supported about 12 million jobs.,401,0,60497,0,An empirical and statistical statement detailing historic economic and export data.
48,53520_201102,"By having a dedicated body to coordinate policy across Government we can target initiatives in cross cutting areas such as education, health care, and housing which will aim to prevent as much as possible problems like homelessness, child poverty and other avoidable problems caused by lack of joined up action.",705,0,15044,0,"Though it mentions poverty and homelessness, the text is purely instrumental, framing these issues as avoidable problems requiring administrative efficiency and policy coordination."
49,64620_201111,"−  Targeting young offenders with education, training, employment, parenting and living skills.",506,1,31437,0,"A neutral, bulleted point detailing a policy program targeting youth offenders with educational skill development."
50,64620_201111,See our Trade policy for more details.,107,0,32972,0,A simple informational cross-reference with no content or vocabulary to analyze.
51,51110_201505,Increase alcohol and tobacco duties by a successive £1.4 billion every year in the Parliament.,416,1,50193,0,This text is a neutral description of fiscal policy (increasing alcohol and tobacco duties) with no moral-evaluative language.
52,51340_201505,Through this mechanism Scotland has succeeded in winning the argument to allow them to borrow money and issue their own bonds.,301,0,48050,0,"This is a descriptive statement about Scotland's borrowing mechanisms and bonds, focusing purely on financial and administrative affairs."
53,64620_201111,Provided extra WellChild/Plunket Tamariki Ora maternity visits for mums – targeting firsttime mothers.,504,1,32433,0,A descriptive policy statement outlining a health-related program targeting first-time mothers with no moral language.
54,64951_198407,M.P. 's will also be required to disclose their financial affairs.,304,0,41504,0,"A policy proposal outlining transparency requirements for MPs, which is administrative in nature rather than appealing to ethical concepts."
55,51951_201505,"This myth grew out of a report by the National Institute of Economic and Social Research (NIESR) in 2000, which concluded that 2.7 million jobs were directly related to our trade with the EU and another 500,000 were indirectly linked.",110,0,42783,0,An empirical argument debating jobs and trade data based on economic studies with no moral-evaluative vocabulary.
56,64110_200811,We know that we must urgently prepare for rising oil prices.,416,0,36874,0,An economic and pragmatic imperative ('urgently prepare for rising oil prices') rather than a moral or ethical imperative.
57,64110_201111,"and use the funds to clean up our rivers,",501,1,35539,0,A descriptive and instrumental environmental goal ('clean up our rivers') using no moral vocabulary.
58,51901_201505,"We will also seek European agreement for fuel price reductions in rural areas, recognizing the additional costs of living in rural parts of Wales, as already introduced in the Highlands and Islands of Scotland.",412,0,52231,0,"A description of a policy proposal seeking fuel price reductions in rural areas based on cost of living, which is a pragmatic economic argument."
59,62623_201510,Enacted and expanded Tax-Free Savings Accounts.,402,0,9220,0,"A neutral, retrospective policy description about enacting tax-free savings accounts."
60,51421_201505,"Introduce a National Food Strategy to promote the production and consumption of healthy, sustainable and affordable food.",703,0,47117,0,"A policy proposal for a National Food Strategy. Adjectives like 'healthy, sustainable and affordable' are generic and do not carry moral-evaluative weight."
61,62320_201510,"to provide stable, ongoing funding to put 2,500 new officers on the streets and keep them there.",605,0,11786,0,A neutral policy description about funding levels for new police officers on the streets.
62,61320_201211,Democrats led the fight to enact the STOCK Act to ban congressional insider trading.,304,1,57605,0,"A factual, political claim about passing legislation (the STOCK Act) with no explicit moral-evaluative rhetoric."
63,64621_200207,"By this means we will rebuild the social contract necessary between officers and their personnel and we will put the responsibility for remuneration of our Defence Force personnel with the Executive who are accountable to the electorate, on whose behalf the armed forces serve.",104,1,37949,1,This text invokes the moral concept of the 'social contract' and establishes ethical principles of 'responsibility' and 'accountability' for public servants.
64,63320_201008,"We will cut business taxes across the board, especially for small businesses who will benefit from a head start on the company tax cut",402,0,4679,0,"An economic tax policy proposal aimed at supporting small businesses, which is purely pragmatic and instrumental."
65,64320_201111,"What that tells me is that Maori will be right at the bottom. (Newspaper heading: ‘Crime hurts young, ethnic, poor’).",705,1,35359,0,"While this refers to a morally charged topic (poverty, ethnic inequality, and crime), the statement itself is descriptive and lacks explicit moral-evaluative vocabulary."
66,62623_201510,"As a result of our investments in infrastructure, we have brought the average age of Canada's core public infrastructure down from a peak of 17 years in 2001 to an estimated 14.7 years in 2013.",411,0,9879,0,"A factual, statistical claim tracking the average age of Canada's infrastructure over time."
67,61620_200411,"America's economy is undergoing a fundamental transition from one based primarily on manufacturing to one based on innovation, services, and ideas.",402,0,60753,0,A neutral descriptive and economic claim about structural transitions in the US economy.
68,51902_201505,This will deliver a total boost to the NHS Scotland budget of £2 billion by 202021.,504,0,43655,0,"A straightforward budget allocation statement for NHS Scotland, which is purely instrumental."
69,51340_201505,The EU public procurement directives adopted in January 2014 allow for social clauses to be inserted into public contracts to help address social inequalities while maintaining a value for money approach.,403,1,48142,0,"Although referencing 'social inequalities', the text treats it purely instrumentally within the context of EU procurement directives and a 'value for money approach'."
70,53420_200705,"close to people, and supporting independent living.",401,0,24044,0,"A descriptive, policy-oriented goal ('supporting independent living') lacking moral vocabulary."
71,63110_200711,"· Support disadvantaged individuals and communities through improved public health, housing, education and transport",504,1,7179,0,A policy statement expressing support for disadvantaged individuals. It remains instrumental and does not employ explicit moral language like 'justice' or 'human rights'.
72,64620_201111,"The Youth Mental Health Project is focused on improving provision of services for youth aged 13-19 with, or at risk of, mental health problems such as depression, anxiety, and substance abuse.",504,1,32573,0,"A descriptive overview of a mental health program, referencing vulnerable youth without any evaluative moral terminology."
73,63810_201309,Older Australians need incentives to retain private health insurance cover,706,0,960,0,An economic policy proposal asserting that older citizens need financial incentives for private health insurance.
74,51320_201505,The generation and supply businesses of the ‘Big Six’ energy companies will be separated.,403,0,54704,0,A neutral description of a regulatory policy to separate energy companies.
75,64621_200207,Getting the greatest amount of health and disability support from our health spending is critical.,504,0,38559,0,"An efficiency-focused, pragmatic statement about maximizing outcomes from health spending, using no moral-evaluative vocabulary."
76,51902_199705,Establish International Economic Credibility,410,0,52677,0,"A generic, aspirational economic target focusing on financial credibility rather than moral concerns."
77,51620_201505,We will keep the triple lock pension system.,504,0,45775,0,A simple and direct commitment to keep an existing pension system.
78,64621_200207,"• ensure that all future appointments to the NZB board are made on the basis of experience, expertise, and appropriate representation from industry and consumers, and not political patronage.",304,0,37825,0,"An administrative policy guideline prioritizing experience and representation over political patronage, utilizing no explicit moral-evaluative terminology."
79,61620_200411,"Junk lawsuits add at least $60 billion to health care costs in America because doctors are forced to practice defensive medicine, ordering extensive, unnecessary, and expensive tests and procedures to keep trial lawyers at bay.",411,1,60721,0,"This text is framed as an economic and practical critique regarding healthcare costs and lawsuits. While it uses pejorative framing ('junk lawsuits'), its core argument is pragmatic/economic."
80,53520_200705,We will have a Commission on Taxation to examine tax schemes on an on-going basis.,303,0,21213,0,"A neutral, administrative policy proposal to create a Commission on Taxation."
81,53110_200705,provide a once-off grant to one-parent families when a child enters secondary school;,504,1,28211,0,"A description of a financial grant policy for one-parent families, which is instrumental in nature."
82,53520_200705,"We will ensure that over time, the database will be developed into a health statistics database to be used as a research resource and management information tool.",504,0,22073,0,A neutral administrative proposal regarding the creation and development of a health database.
83,64621_200207,and will develop and fund programmes which will provide all families with support and guidance in this role.,506,1,38220,0,"A descriptive policy plan to fund programs supporting families, without using any moral-evaluative language."
84,63620_200410,"I claim very directly that interest rates under a Labor Government would always be higher than under a Coalition Government, and that claim is based on two things.",305,0,7490,0,A partisan campaign claim contrasting economic performance (interest rates) between political opponents.
85,62420_201510,"and  prioritize community outreach and counter-radicalization, by creating the Office of the Community Outreach and Counter-radicalization Co-ordinator.",606,1,10938,0,An administrative policy proposal detailing the creation of a counter-radicalization coordinator office.
86,64420_200207,These are responsibilities that successive governments have failed to provide.,305,0,39394,1,"Framed around 'responsibilities' that successive governments have 'failed' to provide, this text invokes moral obligations and normative evaluations of government failure."
87,51620_201505,"We have set out the bold aim of achieving full employment, with the highest employment rate of any major economy.",404,0,44775,0,"An economic target focusing on employment rates and full employment, with no moral language."
88,51210_201505,The potential of our island economy is strong.,410,0,48591,0,A generic positive economic claim with no moral content.
89,63810_200410,It’s a vision that we still hold to now:,305,0,7316,0,"A general political claim about holding a vision, which lacks any explicit moral vocabulary."
90,51902_201505,"It is why we supported the limited extension of devolution in the Scotland Act 2012, and called for a far more substantial package of powers at that point.",301,0,44460,0,A descriptive political account detailing positions on devolution acts and packages of power.
91,51620_201505,Achieving this means seeing through our major reforms of tax and welfare.,404,0,44905,0,An instrumental policy statement about carrying out tax and welfare reforms.
92,61620_200411,"After lapsing for eight years, the law now allows President Bush to work with other countries to reduce barriers to our products and services.",401,0,60509,0,A neutral descriptive text regarding trade agreements and the reduction of trade barriers.
93,62110_201510,"The treaty, known as a Foreign Investment Promotion and Protection Agreement or FIPA, is lop-sided, benefiting the Peoples' Republic of China, while providing no advantage to Canada.",406,0,12517,0,"A critique of a trade agreement framed around its lopsided economic benefits for China rather than Canada, containing no moral-evaluative rhetoric."
94,64422_200811,"No matter how you choose, I am grateful to live in a beautiful country I am deeply proud of.",601,0,36294,1,This text invokes patriotic virtue by declaring the speaker 'grateful to live' in and 'deeply proud of' their country.
95,51320_201505,"Sure Start will have an obligation to provide families with access to childcare, opening their facilities to charities and local childcare providers.",504,1,54888,0,"This text uses the term 'obligation,' but in context, it refers to a statutory/programmatic mandate for a public program (Sure Start) rather than an appeal to ethical principles."
96,51901_201505,We will involve disabled people and groups that represent the interests of disabled people in designing and developing such a system.,706,0,52023,0,"A descriptive policy commitment to consult with disabled people in designing a system, with no explicit moral-evaluative language."
97,62623_201510,"Reducing the expected parental contributions from the Canada Student Loans Program assessment to better recognize the financial realities faced by Canadian families – increasing support to approximately 92,000 students.",506,1,9270,0,"A description of adjustments to student loans based on the 'financial realities' of families, which is framed instrumentally."
98,51421_199705,- Give children the best start by providing high quality early years education for every 3 and 4 year-old child whose parents want it.,706,0,53151,0,"A policy proposal focusing on early years education, using generic positive adjectives like 'best start' and 'high quality' without moral rhetoric."
99,63620_200410,We must maintain and strengthen the productivity gains of recent years.,410,0,7513,0,"An economic imperative focusing on maintaining productivity gains, which lacks moral framing."
100,62420_201510,"We will make the compassionate care benefit easier to access, more flexible, and more inclusive.",504,1,10458,0,"While this refers to the 'compassionate care benefit', 'compassionate' is part of the proper name of the program. The action proposed is purely instrumental ('easier to access, more flexible')."
101,53620_200705,"make PE mandatory at second level,",506,0,19996,0,"This text is a neutral, straightforward policy proposal regarding a mandatory physical education curriculum. It does not use any moral vocabulary or ethical reasoning."
102,64901_200811,Young people should not be charged for these courses. ,506,0,35931,0,"This is a policy proposal regarding course fees. While it contains a normative statement ('should not be charged'), it is a neutral description of a pricing policy rather than an appeal to moral values or ethical concepts."
103,61620_200811,"We oppose reinstituting the draft, whether directly or through compulsory national service.",104,0,58544,0,"This is a statement of policy opposition to military conscription. It does not use explicit moral vocabulary (such as human rights or justice) to justify the stance, representing a standard policy position."
104,51421_201505,"working to deliver access for all, regardless of income, ethnicity, gender, age, belief, sexuality or disability.",503,0,46486,0,"This text describes a policy goal of providing access for all, regardless of various characteristics. Under the negative clarification, equality-of-access arguments are coded 0 unless explicit moral vocabulary (such as equality, dignity, or fairness) is present, which is not the case here."
105,63810_201008,"The non-scheduled air and space transport sector comprises more than 1000 businesses, employing nearly 4000 people, and producing an industry turnover of nearly $1 billion.",411,0,3960,0,"This is a purely factual, statistical description of a business sector, containing no moral-evaluative language or ethical reasoning."
106,53320_200705,"Provide vouchers for music lessons at primary level to ensure where practicable, 30 hours of free tuition by qualified teachers is available to all students during one designated year.",503,0,27024,0,This text is a neutral description of a specific policy program and funding mechanism (vouchers for music lessons). It contains no moral language.
107,63320_201008,This will drive localised educational responses and better learning outcomes for students,506,0,4631,0,"This is an instrumental statement focusing on educational policy design and learning outcomes, using no moral-evaluative vocabulary."
108,53110_200705,ensure that the right to flexible working practices is enshrined in law;,701,1,28248,1,"This text contains explicit moral vocabulary by appealing to 'the right to flexible working practices.' According to the codebook, explicit invocations of moral concepts like 'rights' are classified as moral rhetoric."
109,63110_201309,"Caring for the health of the community requires more investment in preventative health, with a focus on tobacco, alcohol and obesity issues",504,1,3104,0,"While this text mentions 'caring,' it uses the gerund 'caring for the health' in an instrumental policy context regarding preventative health investment rather than as an appeal to moral virtue."
110,63710_201309,establish a rural development bank to facilitate generational equity transfer;,703,1,8525,0,"This text describes a proposal to establish a rural development bank. The phrase 'generational equity transfer' in this context refers to financial asset transfer rather than a moral claim, making the text instrumental."
111,64420_200207,One is Maori underachievement.,706,0,40715,0,"This is a brief, factual identification of a policy challenge (educational underachievement) without moral evaluation."
112,64620_201111,− 1.9 million matches with ACC.,505,0,29943,0,This is a purely factual and statistical point with no moral or evaluative content.
113,53520_201102,"If implemented these policies can make a real difference to Ireland’s energy cost competitiveness, energy security, and carbon footprint.",411,1,14606,0,"This text presents a pragmatic and economic argument for policy proposals, focusing on cost competitiveness, security, and a carbon footprint without appealing to moral values."
114,62320_201510,"The world has been waiting nearly a decade for Canada to step up in these ways, and the NDP will do so.",107,0,11918,0,This is a partisan political claim about political leadership and action ('NDP will do so') that does not contain moral or ethical appeals.
115,61320_200411,"Rather than looking at American industries only as polluters, we will work with the private sector to create partnerships that make a profit and a cleaner world for us all.",501,1,62065,0,This is a pragmatic policy statement about creating private sector partnerships for economic and environmental benefits. It does not contain moral-evaluative language.
116,63110_201008,major airports located to minimise social and environmental impacts.,501,0,6453,0,This is a neutral policy goal concerning infrastructure design (minimizing impacts). It uses purely instrumental language.
117,63320_201309,"The Cancer Care Coordinators will provide support and education patients who have been diagnosed with cancer, their families, carers and staff",504,1,2334,0,"This is a neutral description of a healthcare programme and its administrative role in supporting patients, with no moral rhetoric."
118,64320_200509,We believe every child deserves the best,601,0,37374,1,"This text contains moral rhetoric as it makes a direct moral claim about what every child 'deserves' (moral desert), which is an explicit moral concept defined in the codebook."
119,64620_201111,"and that capital markets can broaden and deepen their base and appeal, and be free to innovate.",401,0,34454,0,"This is an economic/financial policy argument concerning capital market innovation, lacking any moral-evaluative framing."
120,51901_201505,Increasing reliance upon technology leaves countries open to attack by foreign powers without the need for conventional weapons.,104,1,52126,0,"This is an analytical security claim regarding technology and foreign attacks, containing no moral-evaluative or ethical language."
121,53320_200705,"The availability at competitive prices of high quality energy and communications services is vital for competitiveness,",411,0,25386,0,This text makes a purely economic and pragmatic argument about energy and communication services being vital for competitiveness.
122,53420_200705,"Initial funding for the scheme will come from the allocation of seed and venture capital funding announced in the Budget (€175 million over a period of ten years), with further extra funding allocated as required.",416,0,23623,0,"This is a neutral description of financial allocations, seed funding, and budget figures, with no moral language."
123,63810_200410,"My particular vision for a fourth term in government, and the task I give my party as a partner in Coalition with the Liberal Party, is to ensure that our regional cities and country towns and communities obtain the services and infrastructure they need to build on their renewed foundations and realise the promise of their future.",411,1,7361,0,This is a partisan slogan and political vision statement about infrastructure and services that is descriptive of regional needs and lacks moral vocabulary.
124,61320_200411,But we should never wait to act until we have no other choice but war.,104,1,61388,0,"This is a strategic and pragmatic statement concerning conflict prevention and foreign policy choices, without explicit moral vocabulary."
125,51421_201505,"Commission the Natural Capital Committee to investigate the potential for other resource taxes, including deposit refund schemes.",416,0,47106,0,"This text contains a neutral description of an administrative directive to investigate potential resource taxes, which is purely technocratic."
126,53620_200705,Fianna Fáil conducted the biggest ever reform of Civil Defence and the Army Reserve.,104,0,18924,0,This is a retrospective political/partisan claim about past defense reforms and contains no moral rhetoric.
127,53320_200705,"Ensure that the Marine Institute has the necessary resources to be at the cutting edge of international marine research,",411,0,25343,0,"This is a neutral policy commitment regarding resources for marine research, with no moral language."
128,63620_200711,We can reach that great goal of full employment.,408,0,6730,0,This is an aspirational political goal of 'full employment' which is framed in economic/employment terms rather than as a moral imperative.
129,61620_200411,"Every element of America's homeland security plan is critical, because the terrorists are ruthless and resourceful - and we know they are preparing to attack us again.",605,1,59543,1,This text employs moral vice language by characterizing enemies as 'ruthless' terrorists. The codebook identifies 'terror' and vice language as moral rhetoric.
130,53620_201102,o  each minister should prepare and publish a statement of the skills and roles sought for each board.,303,0,13914,0,"This is a neutral, administrative instruction regarding governmental transparency and skills boards."
131,63810_200711,We have had an unprecedented 16 years of continuous economic expansion.,410,0,6565,0,This is a factual/empirical claim regarding economic expansion and contains no moral content.
132,64620_200811,We want young New Zealanders to be able to join KiwiSaver and stay in it for their working lives.,706,0,36185,0,This is a political aspiration regarding program participation (KiwiSaver) with purely instrumental policy goals.
133,64901_200811,"• It has been four years since the Maori Commercial Settlement Act was passed, and most iwi are yet to receive any form of settlement from the Crown. ",705,0,35674,0,This is a factual and descriptive statement about the implementation status of the Maori Commercial Settlement Act without using explicit moral-evaluative terms.
134,61620_201211,"Those policies have placed the federal government in the driver’s seat,",301,0,55494,0,This is a metaphorical policy critique regarding federal intervention. It does not use any moral vocabulary.
135,51340_201505,"This has resulted in increased pressure in the health system and failed outcomes for healthcare staff, patients and the public.",504,0,48146,0,"This is an empirical evaluation of policy outcomes ('failed outcomes', 'increased pressure') in the health system, lacking explicit moral vocabulary."
136,64620_201111,•  More than two in every three New  Zealanders  does unpaid work outside their  own households.,606,0,34420,0,"This is a purely statistical claim about unpaid work, containing no moral-evaluative rhetoric."
137,63320_201008,"ACARA will work with States and Territories to ensure the Cadetships contribute towards state based senior awards, in the same way as other approved subjects under the National Curriculum",411,0,4781,0,"This is an administrative/curriculum integration detail about cadetships, devoid of any moral rhetoric."
138,61320_201211,That’s why President Obama and Democrats in Congress have enacted infrastructure investments that will,411,0,57434,0,"This is a standard partisan claim about infrastructure investments, with no moral vocabulary."
139,64620_201111,"Increased funding for early childhood education by $550 million, or 40 per cent, since 2008.",506,0,34241,0,"This is a factual/statistical claim about increased funding for early childhood education, containing no moral language."
140,63810_201008,Labor’s Infrastructure Australia is a secretive organisation.,304,0,3903,0,"This is a partisan attack accusing an organization of being 'secretive'. Though negative, it is a partisan political charge lacking explicit moral vocabulary."
141,64951_198407,South Island domestic and industrial users will have their price discounted.,412,0,41339,0,This is a descriptive detail of an industrial/pricing policy (discounts for users) with no moral content.
142,63810_201008,Labor has done little to educate the public on the benefits of cleaner fuels.,501,1,3997,0,This is a partisan critique concerning a failure to educate the public on fuel types. It contains no moral rhetoric.
143,53420_200705,"In 1997, a single person on the average industrial wage paid 22% of their income in income tax.",402,0,23015,0,"This is a factual, historical tax statistic, containing no moral-evaluative rhetoric."
144,64110_201111,Together we're the co-leaders of the Green party,0,0,35493,0,"This is a simple, factual self-identification statement of party leadership, containing no moral rhetoric."
145,51421_201505,without allowing emissions from aviation to undermine our goal of a zero-carbon Britain by 2050.,416,0,46399,0,This text addresses environmental policy targets (zero-carbon goal). It is framed as a technical policy balancing act without explicit moral vocabulary.
146,53320_200705,The development of an ‘alternative growth pole’ along the Atlantic Corridor will be pursued.,301,0,26984,0,"This is a neutral description of a regional economic development strategy (Atlantic Corridor), with no moral rhetoric."
147,51320_201505,This will be underpinned by new rights for patients.,504,1,54796,1,This text contains moral rhetoric because it explicitly references 'rights for patients.' Rights are identified as an explicit moral concept in the codebook.
148,63810_201008,Current investment in developing and protecting the Australian farm sector does not recognise the large contribution farmers make to our economy.,703,1,4151,0,This is an economic contribution argument criticizing the lack of protection for the agricultural sector. It frames the contribution in economic terms rather than as a moral claim.
149,62623_201510,We recognize that adoption costs can be high and in some cases prohibitive for families.,706,1,9333,0,"This is a descriptive statement about high adoption costs being prohibitive, lacking any moral-evaluative framing."
150,51901_201505,"We will increase access to the arts for young people, particularly those of disadvantaged backgrounds,",503,0,52502,0,"This text describes a policy program targeting young people of 'disadvantaged backgrounds'. Under the codebook, targeting access for disadvantaged groups is a policy target and does not qualify as moral rhetoric unless explicit moral vocabulary is present."
151,64620_201111,"Direct this new spending to health, education, and a few carefully targeted initiatives.",504,0,33121,0,This text is a neutral proposal regarding the allocation of public spending. It relies on programmatic and administrative framing without any moral-evaluative vocabulary.
152,51110_201505,The Green Party is committed to bringing rail services into public ownership and control.,413,1,50545,0,"This is a straightforward policy commitment to bring rail services into public ownership. It uses purely instrumental, descriptive language with no moral rhetoric."
153,63710_201309,provide direct and meaningful support to land managers in delivering ecoservices; | and,501,0,8490,0,This text describes a policy mechanism of providing support for ecosystem services. It uses generic positive language ('meaningful') but contains no moral-evaluative concepts.
154,53420_200705,"and providing other services as required, thus contributing to Ireland’s political and economic well being.",104,0,24577,0,This is an instrumental description of services contributing to 'political and economic well being.' It lacks any explicit moral vocabulary or ethical claims.
155,64420_200207,• Conflicting roles and responsibilities.,303,0,40367,0,"This is a neutral, descriptive point highlighting administrative or organizational challenges ('conflicting roles and responsibilities') without any moral rhetoric."
156,51902_200106,An SNP government will strive to ensure that Scotland becomes a world leader in securing a sustainable environment,416,1,51190,0,"This text presents an aspirational environmental goal ('world leader'). According to the codebook, generic positive adjectives and aspirational visions lacking moral vocabulary are coded 0."
157,51902_200106,"With the investment that we are promising in hospital buildings,",504,0,51280,0,"This is a neutral description of a promised policy investment in hospital buildings, utilizing purely instrumental language."
158,63621_201008,The question that should still be asked of Labor is:,0,0,4358,0,This is a simple partisan prompt that contains no moral-evaluative vocabulary or ethical claims.
159,51620_201505,"And with new laws to crack down on domestic violence,",605,1,45645,0,"While 'domestic violence' is a morally charged topic, the text itself is a neutral, instrumental description of policy and legal instruments ('new laws to crack down on') without explicit moral-evaluative rhetoric."
160,53520_200705,Fine Gael will support the on-going nationwide roll out of the “Food Dudes” Fruit and Vegetable Promotion programme to all primary schools in Ireland.,506,0,20972,0,"This is a neutral, descriptive policy commitment to roll out a fruit and vegetable promotion programme in primary schools."
161,53620_201102,Every board shall publish before March of each year an annual report on  its own activities as opposed to the wider work of the state body.,303,0,13929,0,This text outlines a administrative/procedural rule requiring boards to publish annual reports. It lacks any moral framing.
162,51421_201505,"In particular, as we expand access to talking therapies we expect many more people to recover and be able to seek work again.",503,0,46601,0,This text presents a policy goal regarding healthcare access and employment outcomes. It relies on instrumental and clinical language without moral concepts.
163,64901_201111,and free up  resources  for whānau development.,603,0,29051,0,"This is an instrumental statement about freeing up resources for community/whānau development, lacking any moral-evaluative terminology."
164,53520_200705,"We will give 1 weeks paid Parental leave for either parent to take, giving them more choice.",603,0,22925,0,"This is a specific, neutral policy proposal about providing paid parental leave to enhance individual choice."
165,62110_201510,Policy alignment will ensure the wise use of public dollars.,301,0,12151,0,"This is a pragmatic and fiscal argument focused on efficiency ('wise use of public dollars') and policy alignment, which is coded 0 according to the negative clarification."
166,51621_201505,"At £1.4 Trillion, that equates to £54,353 per household;",414,0,54004,0,"This is a purely statistical and economic calculation of debt per household, with no moral or evaluative language."
167,53110_200705,maintain the Defence Forces’ proud reputation in peacekeeping,106,1,28323,0,"This is a policy commitment to maintain the status and activities of the Defence Forces. While it uses the positive adjective 'proud', this is a generic positive descriptor rather than explicit moral vocabulary."
168,63810_201309,"The Nationals are determined to eliminate the divide between those living in and those living outside major capital cities, including any limitation on access to a fair legal system that respects the rights and responsibilities of all Australians.",503,1,1105,1,"This text contains explicit moral vocabulary. It calls for access to a 'fair legal system' and demands respect for the 'rights' of all citizens, both of which are core moral concepts outlined in the codebook."
169,53620_200705,These moves will eliminate remaining inequality in the income tax system and enhance its progressive nature.,402,1,19219,1,"This text contains the explicit moral vocabulary of 'inequality.' Framed as something that must be eliminated in the tax system, it appeals to the moral value of equality."
170,51951_201505,It is now enshrined in law that we must pay 0.7 per cent of our Gross National Income (GNI) on aid every year.,109,0,43310,0,"This is a factual and descriptive statement about a legal requirement and budget target for aid spending, without moral-evaluative framing."
171,51110_201505,"Caroline Lucas and housing In July 2014 Caroline Lucas MP introduced a Housing (Affordability, Supply and Tenant Protection) Bill to highlight the problems faced by private tenants.",504,0,49871,0,"This is a neutral, descriptive account of a parliamentary action (introducing a bill) to highlight tenant issues, using no moral-evaluative language."
172,63320_201008,"Support for 2,500 additional aged care beds;",504,1,4502,0,"This is a neutral, quantified policy target regarding aged care beds, containing no moral rhetoric."
173,53320_200705,"Develop new community policing structures, through local policing forums in individual communities, to reconnect the Gardaí and local communities in a spirit of genuine partnership.",301,1,25992,0,This text describes community policing structures and local partnership. Terms like 'genuine partnership' represent collaborative aspirations rather than explicit moral vocabulary.
174,51620_201505,We will: save you money by cutting government waste,303,0,45359,0,"This is a pragmatic fiscal argument about saving money and cutting waste, which is explicitly classified as non-moral under the codebook's negative clarification."
175,53320_201102,"Ireland should be the best place in the world to grow up, and to grow old.",706,0,16553,0,"This is an aspirational vision for society ('best place in the world to grow up') that lacks explicit moral vocabulary, which the codebook states should be coded 0."
176,53520_201102,Ministerial Cars: We will end the automatic entitlement to a State car for every Government Minister.,303,0,15394,0,"This is a neutral description of a policy instrument to end ministerial entitlements to state cars, lacking any moral-evaluative language."
177,64110_200811,If you can’t trust Labour and National to go public about poisoned baby milk then what on earth can you trust them on.,305,0,36802,1,"This text invokes the moral concept and virtue of 'trust' in the context of a highly charged ethical issue (poisoned baby milk), framing the opponents' conduct as a moral failure."
178,53320_200705,All TDs will be entitled to put forward proposals for legislation and a lottery at the start of each session will determine which Bills will be debated.,202,0,26767,0,"This is a neutral, procedural description of legislative processes and lottery systems in parliament."
179,53320_200705,"We will put in train preparations for the 100th anniversary of the Easter Rising, in a manner that honours the contribution of the men and women of Easter Week,",601,1,27178,1,"This text utilizes moral and virtue language by committing to act in a manner that 'honours' the contributions of individuals, appealing to moral desert and respect."
180,51902_201505,We will support sensible immigration policies that meet our economic needs,403,0,43698,0,"This text relies on pragmatic and economic justifications ('sensible immigration', 'meet our economic needs') rather than moral appeals, fitting the negative clarification."
181,51421_201505,Establishing the right accountability framework for schools.,506,1,46780,0,This is a neutral policy goal concerning administrative frameworks. The term 'right' is used here in an instrumental/functional sense (correct/proper) rather than as a moral claim.
182,61620_200411,"Republicans share President Bush's understanding that just as events in Europe determined the outcome of the Cold War, events in the broader Middle East will set the course for the victory of free nations in the War on Terror.",101,0,60201,1,"This text uses moral-evaluative and virtue/vice concepts, appealing to the freedom of 'free nations' and opposing the vice of 'Terror' (explicitly cited as a vice concept in the codebook)."
183,64621_200207,• there is appropriate time for debate to be conducted.,202,0,37769,0,This is a brief procedural or administrative statement about scheduling debate time.
184,64621_200207,All recreational fishers should help police the system to ensure that there is no room for poachers and quasi ‘recreational’ fishers who sell or raffle their catches.,501,0,38483,0,"This is a call for regulatory compliance and self-policing regarding fishing rules. It focuses on enforcement and preventing rule-breaking, without explicit moral vocabulary."
185,64620_201111,•  Created  2000 jobs  during the recession  through state housing upgrades.,701,0,32210,0,"This is a factual, statistical claim about job creation and housing upgrades, which is coded 0 according to the negative examples."
186,51903_201505,Constitutional stability for Northern Ireland;,204,0,43570,0,"This is a neutral, aspirational political goal ('constitutional stability') lacking any moral vocabulary."
187,53520_201102,"It will dismantle the dysfunctional Health Service Executive (HSE) that was created by Micheál Martin in 2004,",305,0,14781,0,This is a partisan policy critique using the negative adjective 'dysfunctional' to describe an administrative entity (HSE). It lacks moral-evaluative vocabulary.
188,53420_200705,"conflicts with long-term strategies to cut waste volumes by recycling and reduction, requires huge scale to operate efficiently and generates large volumes of traffic.",501,0,23654,0,"This is a technical and environmental critique focusing on efficiency, scale, and traffic. It contains no moral rhetoric."
189,62110_201510,"and transition to a prosperous, decarbonized economy.",416,0,12615,0,"This is an aspirational policy vision targeting economic and environmental transition, without explicit moral vocabulary."
190,51620_201505,"This will support our aim to make Britain the best place in Europe, and one of the top five worldwide, to do business by 2020.",402,0,44832,0,This text details an aspirational business and economic goal ('best place... to do business') which is purely pragmatic and lacks moral language.
191,63810_201008,"The Nationals believe that, when wealth is generated in a region, a fair share of the resulting government revenue should be returned to that region and to regional Australia more generally.",301,1,3331,1,"This text contains explicit moral vocabulary, invoking the ethical concept of a 'fair share' to argue how government revenue should be distributed."
192,53320_200705,"Half a million of us regularly play sport, while 400,000 volunteer as coaches, match officials and referees.",606,0,27002,0,"This is a factual and statistical description of participation and volunteering rates in sports, lacking moral framing."
193,64901_200811,We recognise the contribution that Mäori enterprise and entrepreneurship has made to our nation's economy.,705,0,35733,0,This is a pragmatic statement acknowledging economic contributions. It contains no moral-evaluative language.
194,51621_201505,We will: Work to secure the full implementation of the Military Covenant in Northern Ireland.,104,1,54293,0,"This text is a descriptive policy commitment to implement the Military Covenant. While the covenant itself relates to obligations, the text refers to it neutrally as a policy framework."
195,53110_200705,"abolish the current 2% limit for funding political parties, which acts against new and smaller parties and could be seen as supporting the status quo;",304,0,28284,0,This is an analytical and policy-based argument about party funding rules. It outlines the effects on smaller parties but uses no explicit moral-evaluative vocabulary.
196,63320_200711,"After so long in office, Mr Howard has forgotten what fairness actually means.",305,1,6794,1,This text directly utilizes explicit moral vocabulary ('fairness') to construct a moral critique of a political figure.
197,64621_200207,• develop Parents as First Teacher (PAFT) programmes across the country.,506,0,38403,0,"This is a straightforward description of a policy/educational program commitment, containing no moral rhetoric."
198,63620_201309,We will crackdown on overseas producers who don’t cooperate with anti-dumping investigations,406,0,1793,0,This is a neutral policy statement about trade enforcement ('anti-dumping investigations') and contains no moral-evaluative rhetoric.
199,53320_201102,Labour will ensure that the Defence  Forces are appropriately equipped and staffed to meet Ireland’s  obligations to United Nations and EU peacekeeping missions.,104,1,16812,0,This text outlines a policy commitment to equip defense forces to meet international peacekeeping missions. The term 'obligations' is used in a treaty/legal sense rather than as an explicit moral imperative.
200,53320_201102,"Processing of applications and decision-making is subject to long delays, while the absence of legislation means there is frequent resort to the Courts for judicial review.",705,0,16325,0,"This is a factual and descriptive analysis of legal delays and administrative resort to courts, with no moral-evaluative content."
